Complete Payment,Pembayaran Selesai
optional,opsional
Payment Method,Metode Pembayaran
Refund Amount,Jumlah Pengembalian Dana
Enter amount...,Masukkan jumlah...
Total Amount,Jumlah Total
Remaining,Tersisa
Change,Mengubah
Paid in Full,Dibayar Penuh
Paid Amount,Jumlah yang Dibayarkan
Paid: {0},Dibayar: {0}
Customer Credit Available,Kredit Pelanggan Tersedia
Customer Outstanding Balance,Saldo Terutang Pelanggan
Credit can be applied to invoice,Kredit dapat diterapkan pada faktur.
Amount owed by customer,Jumlah yang harus dibayar oleh pelanggan
No outstanding balance,Tidak ada saldo terutang
Save,Menyimpan
Cancel,Membatalkan
Submit,Kirim
Delete,Menghapus
Edit,Edit
Search,Mencari
Close,Menutup
Confirm,Mengonfirmasi
Yes,Ya
No,TIDAK
Loading...,Memuat...
Error,Kesalahan
Success,Kesuksesan
Warning,Peringatan
Information,Informasi
Add Item,Tambahkan Item
Select Customer,Pilih Pelanggan
Create Customer,Buat Pelanggan
Discount,Diskon
Tax,Pajak
Total,Total
Checkout,Check-out
Clear Cart,Kosongkan Keranjang
Hold Invoice,Tahan Faktur
Print Receipt,Cetak Struk
No stock available,Stok habis
Item added to cart,Barang ditambahkan ke keranjang
Item removed from cart,Barang dihapus dari keranjang
Open Shift,Shift Terbuka
Close Shift,Tutup Shift
Shift Opening,Pembukaan Shift
Shift Closing,Penutupan Shift
Opening Amount,Jumlah Pembukaan
Closing Amount,Jumlah Penutupan
Cash in Hand,Uang tunai
Expected Amount,Jumlah yang Diharapkan
Difference,Perbedaan
Draft Invoices,Draf Faktur
Invoice History,Riwayat Faktur
Offline Invoices,Faktur Offline
Return Invoice,Faktur Pengembalian
Invoice Number,Nomor Faktur
Date,Tanggal
Customer,Pelanggan
Amount,Jumlah
Status,Status
Paid,Dibayar
Unpaid,Tidak dibayar
Partially Paid,Dibayar Sebagian
Credit Note Issued,Nota Kredit Diterbitkan
Cancelled,Dibatalkan
Draft,Draf
Settings,Pengaturan
General,Umum
Appearance,Penampilan
Language,Bahasa
Select Language,Pilih Bahasa
Theme,Tema
Notifications,Pemberitahuan
Receipt Settings,Pengaturan Tanda Terima
Hardware,Perangkat keras
POS Profile,Profil POS
Network connection error,Kesalahan koneksi jaringan
"Session expired, please login again","Sesi telah berakhir, silakan masuk kembali."
Insufficient stock for {0},Stok tidak mencukupi untuk {0}
Invalid quantity,Jumlah tidak valid
Please select a customer,Silakan pilih pelanggan
Payment processing failed,Proses pembayaran gagal.
An unexpected error occurred,Terjadi kesalahan yang tidak terduga.
This field is required,Kolom ini wajib diisi.
Minimum length is {0} characters,Panjang minimum adalah {0} karakter
Maximum length is {0} characters,Panjang maksimum adalah {0} karakter
Please enter a valid email address,Silakan masukkan alamat email yang valid.
Please enter a valid phone number,Silakan masukkan nomor telepon yang valid.
Please enter a valid number,Silakan masukkan nomor yang valid.
Value must be positive,Nilainya harus positif
Customer Credit,Kredit Pelanggan
Available Credit,Kredit Tersedia
Payment Methods,Metode Pembayaran
Cash,Uang tunai
Card,Kartu
Wallet,Dompet
Bank Transfer,Transfer Bank
Item,Barang
Items,Barang-barang
Quantity,Kuantitas
Price,Harga
Subtotal,Subtotal
Grand Total,Jumlah Total
Apply,Menerapkan
Apply Coupon,Gunakan Kupon
Coupon Code,Kode Kupon
Remove,Menghapus
Add,Menambahkan
Update,Memperbarui
Refresh,Menyegarkan
Reload,Muat ulang
Print,Mencetak
Download,Unduh
Upload,Mengunggah
Import,Impor
Export,Ekspor
Filter,Menyaring
Sort,Menyortir
Ascending,Naik
Descending,Menurun
All,Semua
None,Tidak ada
Select All,Pilih Semua
Deselect All,Batalkan Pilihan Semua
Name,Nama
Email,E-mail
Phone,Telepon
Address,Alamat
City,Kota
State,Negara
Country,Negara
Postal Code,Kode Pos
Notes,Catatan
Description,Keterangan
Category,Kategori
Type,Jenis
Unit,Satuan
Stock,Saham
Available,Tersedia
Out of Stock,Stok Habis
Low Stock,Stok Menipis
In Stock,Tersedia
Barcode,Kode batang
SKU,SKU
Image,Gambar
Gallery,Galeri
Product,Produk
Products,Produk
Service,Melayani
Services,Layanan
Order,Memesan
Orders,Pesanan
Invoice,Faktur
Invoices,Faktur
Payment,Pembayaran
Payments,Pembayaran
Receipt,Kuitansi
Receipts,Tanda Terima
Refund,Pengembalian dana
Refunds,Pengembalian dana
Return,Kembali
Returns,Pengembalian
Exchange,Menukarkan
Exchanges,Pertukaran
Sale,Penjualan
Sales,Penjualan
Purchase,Pembelian
Purchases,Pembelian
Report,Laporan
Reports,Laporan
Dashboard,Dasbor
Home,Rumah
Profile,Profil
Account,Akun
Logout,Keluar
Login,Login
Sign In,Masuk
Sign Up,Mendaftar
Register,Daftar
Password,Kata sandi
Username,Nama belakang
Remember Me,Ingatlah Aku
Forgot Password?,Lupa kata sandi?
Reset Password,Atur Ulang Kata Sandi
Change Password,Ubah Kata Sandi
Old Password,Kata Sandi Lama
New Password,Kata Sandi Baru
Confirm Password,Konfirmasi Kata Sandi
Today,Hari ini
Yesterday,Kemarin
This Week,Minggu Ini
Last Week,Minggu lalu
This Month,Bulan Ini
Last Month,Bulan lalu
This Year,Tahun ini
Last Year,Tahun Lalu
Custom Range,Rentang Kustom
From,Dari
To,Ke
Start Date,Tanggal Mulai
End Date,Tanggal Akhir
Time,Waktu
Hour,Jam
Hours,Jam
Minute,Menit
Minutes,Menit
Second,Kedua
Seconds,Detik
Day,Hari
Days,Hari-hari
Week,Pekan
Weeks,Minggu
Month,Bulan
Months,Bulan
Year,Tahun
Years,Bertahun-tahun
Are you sure?,Apa kamu yakin?
This action cannot be undone,Tindakan ini tidak dapat dibatalkan.
Confirm Delete,Konfirmasi Penghapusan
Confirm Action,Konfirmasi Tindakan
Processing...,Pengolahan...
Please wait...,Harap tunggu...
Saving...,Penghematan...
Loading data...,Memuat data...
No data available,Tidak ada data yang tersedia
No results found,Tidak ada hasil yang ditemukan
Search results,Hasil pencarian
Showing {0} to {1} of {2} entries,Menampilkan {0} hingga {1} dari {2} entri
Page,Halaman
Previous,Sebelumnya
Next,Berikutnya
First,Pertama
Last,Terakhir
per page,per halaman
View,Melihat
View Shift,Pergeseran Pandangan
View Details,Lihat Detail
Edit Details,Edit Detail
Copy,Menyalin
Duplicate,Duplikat
Archive,Arsip
Restore,Memulihkan
Move,Bergerak
Rename,Ganti nama
Share,Membagikan
Download PDF,Unduh PDF
Send Email,Kirim Email
Print Invoice,Cetak Faktur
Email Invoice,Faktur Email
Mark as Paid,Tandai sebagai Terbayar
Mark as Unpaid,Tandai sebagai Belum Dibayar
Payment Received,Pembayaran Diterima
Payment Pending,Pembayaran Tertunda
Payment Failed,Pembayaran Gagal
Completed,Selesai
Pending,Tertunda
Processing,Pengolahan
Cancelled,Dibatalkan
Refunded,Dikembalikan
Draft,Draf
Submitted,Dikirimkan
Approved,Disetujui
Rejected,Ditolak
Active,Aktif
Inactive,Tidak aktif
Enabled,Diaktifkan
Disabled,Dengan disabilitas
Online,On line
Offline,Offline
Connected,Terhubung
Disconnected,Terputus
Synced,Tersinkronisasi
Not Synced,Tidak Tersinkronisasi
Syncing...,Sinkronisasi...
Last Sync,Sinkronisasi Terakhir
Sync Now,Sinkronkan Sekarang
Auto Sync,Sinkronisasi Otomatis
Manual Sync,Sinkronisasi Manual
Clear Cache,Hapus Cache
Reset Settings,Atur Ulang Pengaturan
Restore Defaults,Pulihkan Pengaturan Default
About,Tentang
Help,Membantu
Support,Mendukung
Documentation,Dokumentasi
Version,Versi
License,Lisensi
Privacy Policy,Kebijakan Privasi
Terms of Service,Ketentuan Layanan
Contact Us,Hubungi kami
Feedback,Masukan
Rate Us,Beri Kami Nilai
More,Lagi
Less,Lebih sedikit
Show More,Tampilkan Lebih Banyak
Show Less,Tampilkan Lebih Sedikit
Expand,Memperluas
Collapse,Runtuh
Full Screen,Layar Penuh
Exit Full Screen,Keluar dari Layar Penuh
Shift Open:,Shift Terbuka:
Offline ({0} pending),Offline ({0} tertunda)
Online - Click to sync,Online - Klik untuk sinkronisasi
Offline mode active,Mode offline aktif
Online mode active,Mode daring aktif
Cache,Cache
Items:,Barang-barang:
Last Sync:,Sinkronisasi Terakhir:
Status:,Status:
Auto-Sync:,Sinkronisasi Otomatis:
Refreshing...,Menyegarkan...
Refresh Items,Segarkan Item
Refreshing items...,Menu yang menyegarkan...
Refresh items list,Perbarui daftar item
Empty,Kosong
Syncing,Sinkronisasi
Ready,Siap
Never,Tidak pernah
Cache empty,Cache kosong
Cache syncing,Sinkronisasi cache
Cache ready,Cache siap
Access your point of sale system,Akses sistem penjualan Anda
Your cart is empty,Keranjang belanja Anda kosong
Cart Items,Barang Keranjang
Clear,Jernih
Last 7 Days,7 Hari Terakhir
Last 30 Days,30 Hari Terakhir
All Status,Semua Status
Partly Paid,Sebagian Dibayar
Overdue,Terlambat
Negative Stock,Saham Negatif
Cart,Keranjang
Welcome to POS Next,Selamat datang di POS Next
Please open a shift to start making sales,Silakan buka shift untuk mulai melakukan penjualan.
Clear Cart?,Kosongkan Keranjang?
Remove all {0} items from cart?,Hapus semua {0} item dari keranjang?
Clear All,Hapus Semua
Sign Out Confirmation,Konfirmasi Keluar
Your Shift is Still Open!,Shift Anda Masih Tersedia!
Close your shift first to save all transactions properly,Tutup shift Anda terlebih dahulu untuk menyimpan semua transaksi dengan benar.
Close Shift & Sign Out,Mengakhiri Shift & Melakukan Pengeluaran
Skip & Sign Out,Lewati & Keluar
Sign Out?,Keluar?
You will be logged out of POS Next,Anda akan keluar dari POS Next.
Sign Out,Keluar
Signing Out...,Mengakhiri sesi...
Invoice Created Successfully,Faktur Berhasil Dibuat
Invoice {0} created successfully!,Faktur {0} berhasil dibuat!
Total: {0},Total: {0}
An unexpected error occurred.,Terjadi kesalahan yang tidak terduga.
Delete Invoice,Hapus Faktur
Try Again,Coba Lagi
Tax mode updated. Cart recalculated with new tax settings.,Mode pajak diperbarui. Keranjang belanja dihitung ulang dengan pengaturan pajak baru.
Discount settings changed. Cart recalculated.,Pengaturan diskon telah diubah. Keranjang belanja telah dihitung ulang.
Prices are now tax-inclusive. This will apply to new items added to cart.,Harga sekarang sudah termasuk pajak. Ini berlaku untuk barang baru yang ditambahkan ke keranjang belanja.
Prices are now tax-exclusive. This will apply to new items added to cart.,Harga yang tertera belum termasuk pajak. Ketentuan ini berlaku untuk barang baru yang ditambahkan ke keranjang belanja.
Negative stock sales are now allowed,Penjualan saham negatif kini diperbolehkan.
Negative stock sales are now restricted,Penjualan saham negatif kini dibatasi.
Credit Sale,Penjualan Kredit
Write Off Change,Perubahan Penghapusan
Partial Payment,Pembayaran Sebagian
Silent Print,Cetakan Senyap
{0} settings applied immediately,{0} pengaturan diterapkan segera
You can now start making sales,Anda sekarang dapat mulai melakukan penjualan.
Shift closed successfully,Shift berhasil ditutup
Insufficient Stock,Stok Tidak Mencukupi
Item: {0},Item: {0}
"""{0}"" cannot be added to cart. Bundle is out of stock. Allow Negative Stock is disabled.","""{0}"" tidak dapat ditambahkan ke keranjang. Paket habis stok. Izinkan Stok Negatif dinonaktifkan."
"""{0}"" cannot be added to cart. Item is out of stock. Allow Negative Stock is disabled.","""{0}"" tidak dapat ditambahkan ke keranjang. Barang habis stok. Izinkan Stok Negatif dinonaktifkan."
{0} selected,{0} dipilih
Please add items to cart before proceeding to payment,Harap tambahkan barang ke keranjang belanja sebelum melanjutkan ke pembayaran.
Please select a customer before proceeding,Silakan pilih pelanggan sebelum melanjutkan.
Invoice saved offline. Will sync when online,Faktur disimpan secara offline. Akan disinkronkan saat online.
Unknown,Tidak dikenal
Invoice {0} created and sent to printer,Faktur {0} dibuat dan dikirim ke printer
Invoice {0} created but print failed,Faktur {0} dibuat tetapi pencetakan gagal
Invoice {0} created successfully,Faktur {0} berhasil dibuat
All items removed from cart,Semua barang telah dihapus dari keranjang belanja.
{0} added to cart,{0} ditambahkan ke keranjang
{0} ({1}) added to cart,{0} ({1}) ditambahkan ke keranjang
Failed to process selection. Please try again.,Pemilihan gagal diproses. Silakan coba lagi.
Return invoice {0} created successfully,Faktur pengembalian {0} berhasil dibuat
Creating return for invoice {0},Membuat pengembalian untuk faktur {0}
{0} created and selected,{0} dibuat dan dipilih
All cached data has been cleared successfully,Semua data cache telah berhasil dihapus.
Failed to clear cache. Please try again.,Cache gagal dihapus. Silakan coba lagi.
Your point of sale system is ready to use.,Sistem penjualan Anda siap digunakan.
Shift Status,Status Pergeseran
Shift is Open,Shift Tersedia
<strong>POS Profile:<strong> {0},<strong>Profil POS: {0}<strong>
<strong>Company:<strong>,<strong>Perusahaan:<strong>
<strong>Opened:<strong>,<strong>Dibuka:<strong>
Start Sale,Mulai Penjualan
No Active Shift,Tidak Ada Pergeseran Aktif
You need to open a shift before you can start making sales.,Anda perlu membuka shift terlebih dahulu sebelum dapat mulai melakukan penjualan.
System Test,Pengujian Sistem
Test Connection,Uji Koneksi
✓ Connection successful: {0},? Koneksi berhasil: {0}
✗ Connection failed: {0},? Koneksi gagal: {0}
Confirm Sign Out,Konfirmasi Keluar
Active Shift Detected,Pergeseran Aktif Terdeteksi
You have an active shift open. Would you like to:,Anda memiliki jadwal kerja aktif yang tersedia. Apakah Anda ingin:
Are you sure you want to sign out of POS Next?,Apakah Anda yakin ingin keluar dari POS Next?
Sign Out Only,Hanya Keluar
TAX INVOICE,FAKTUR PAJAK
Invoice #:,Faktur #:
Date:,Tanggal:
Customer:,Pelanggan:
Status:,Status:
PARTIAL PAYMENT,PEMBAYARAN SEBAGIAN
(FREE),(BEBAS)
Subtotal:,Subtotal:
Tax:,Pajak:
TOTAL:,TOTAL:
Total Paid:,Total yang Dibayarkan:
Change:,Kembalian:
BALANCE DUE:,TOTAL TAGIHAN:
Thank you for your business!,Terima kasih atas bisnis Anda!
Invoice - {0},Faktur - {0}
Offline invoice deleted successfully,Faktur offline berhasil dihapus.
Failed to delete offline invoice,Gagal menghapus faktur offline
Cannot sync while offline,Tidak dapat melakukan sinkronisasi saat offline.
{0} invoice(s) synced successfully,{0} faktur berhasil disinkronkan
Loading customers for offline use...,Sedang memuat data pelanggan untuk penggunaan offline...
Data is ready for offline use,Data siap untuk digunakan secara offline.
Some data may not be available offline,Beberapa data mungkin tidak tersedia secara offline.
POS is offline without cached data. Please connect to sync.,POS sedang offline tanpa data yang tersimpan. Silakan terhubung untuk melakukan sinkronisasi.
{0} applied successfully,{0} diterapkan dengan sukses
Discount has been removed from cart,Diskon telah dihapus dari keranjang belanja.
Add items to the cart before applying an offer.,Tambahkan item ke keranjang sebelum menerapkan penawaran.
Your cart doesn't meet the requirements for this offer.,Keranjang belanja Anda tidak memenuhi persyaratan untuk penawaran ini.
Failed to apply offer. Please try again.,Penawaran gagal diterapkan. Silakan coba lagi.
Offer has been removed from cart,Penawaran telah dihapus dari keranjang belanja
Failed to update cart after removing offer.,Gagal memperbarui keranjang belanja setelah menghapus penawaran.
Unit changed to {0},Unit diubah menjadi {0}
Failed to update UOM. Please try again.,Gagal memperbarui UOM. Silakan coba lagi.
{0} updated successfully,{0} berhasil diperbarui
Failed to update item. Please try again.,Gagal memperbarui item. Silakan coba lagi.
{0}h {1}m {2}s,{0}jam {1}menit {2}detik
Sync Complete,Sinkronisasi Selesai
Search by phone: {0},Cari berdasarkan telepon: {0}
Search by email: {0},Cari berdasarkan email: {0}
Create new customer: {0},Buat pelanggan baru: {0}
From {0},Dari {0}
Until {0},Sampai {0}
Validation Error,Kesalahan Validasi
Permission Denied,Izin Ditolak
Not Found,Tidak Ditemukan
Server Error,Kesalahan Server
Not enough stock available in the warehouse.\n\nPlease reduce the quantity or check stock availability.,Stok di gudang tidak mencukupi.\n\nMohon kurangi jumlahnya atau periksa ketersediaan stok.
Pricing Error,Kesalahan Harga
Customer Error,Kesalahan Pelanggan
Tax Configuration Error,Kesalahan Konfigurasi Pajak
Payment Error,Kesalahan Pembayaran
Naming Series Error,Kesalahan Penamaan Seri
Connection Error,Kesalahan Koneksi
Unable to connect to server. Check your internet connection.,Tidak dapat terhubung ke server. Periksa koneksi internet Anda.
Duplicate Entry,Entri Duplikat
Error Report - POS Next,Laporan Kesalahan - POS Next
Title: {0},Judul: {0}
Type: {0},Tipe: {0}
Message: {0},Pesan: {0}
Technical: {0},Teknis: {0}
Timestamp: {0},Cap waktu: {0}
User: {0},Pengguna: {0}
POS Profile: {0},Profil POS: {0}
Partial Payments,Pembayaran Sebagian
Manage invoices with pending payments,Kelola faktur dengan pembayaran yang tertunda.
{0} invoice - {1} outstanding,{0} faktur - {1} belum dibayar
{0} invoices - {1} outstanding,{0} faktur - {1} belum dibayar
Loading invoices...,Memuat faktur...
No Partial Payments,Tidak Menerima Pembayaran Sebagian
All invoices are either fully paid or unpaid,Semua faktur dalam kondisi lunas atau belum lunas.
Add Payment,Tambahkan Pembayaran
Payment History,Riwayat Pembayaran
Failed to load partial payments,Pembayaran sebagian gagal dimuat.
Payment added successfully,Pembayaran berhasil ditambahkan.
Failed to add payment,Gagal menambahkan pembayaran
Open POS Shift,Buka Shift POS
Select POS Profile,Pilih Profil POS
No POS Profiles available. Please contact your administrator.,Tidak ada Profil POS yang tersedia. Silakan hubungi administrator Anda.
Change Profile,Ubah Profil
Opening Balance (Optional),Saldo Awal (Opsional)
No payment methods configured for this POS Profile,Tidak ada metode pembayaran yang dikonfigurasi untuk Profil POS ini.
Existing Shift Found,Pergeseran yang Ada Ditemukan
You have an open shift. Would you like to resume it or close it and open a new one?,Anda memiliki jadwal kerja yang terbuka. Apakah Anda ingin melanjutkannya atau menutupnya dan membuka jadwal kerja baru?
<strong>POS Profile:</strong> {0},Profil POS:</strong> {0}
<strong>Opened:</strong> {0},<strong>Dibuka:</strong> {0}
Resume Shift,Lanjutkan Shift
Close & Open New,Tutup & Buka Baru
Back,Kembali
At least {0} items required,Setidaknya {0} item diperlukan
Maximum {0} items allowed for this offer,Jumlah maksimum {0} item diperbolehkan untuk penawaran ini
Minimum cart value of {0} required,Nilai keranjang minimum {0} diperlukan
Maximum cart value exceeded ({0}),Nilai keranjang belanja maksimum terlampaui ({0})
Cart does not contain eligible items for this offer,Keranjang belanja tidak berisi barang yang memenuhi syarat untuk penawaran ini.
Cart does not contain items from eligible groups,Keranjang belanja tidak berisi barang-barang dari kelompok yang memenuhi syarat.
Cannot save an empty cart as draft,Tidak dapat menyimpan keranjang kosong sebagai draf.
Invoice saved as draft successfully,Faktur berhasil disimpan sebagai draf.
Failed to save draft,Gagal menyimpan draf
Draft invoice loaded successfully,Draf faktur berhasil dimuat.
Failed to load draft,Gagal memuat draf.
Close POS Shift,Tutup Shift POS
Loading shift data...,Memuat data shift...
Calculating totals and reconciliation...,Menghitung total dan rekonsiliasi...
Duration,Lamanya
Total Sales,Total Penjualan
{0} invoices,0 faktur
Net Amount,Jumlah Bersih
Before tax,Sebelum pajak
Items Sold,Barang Terjual
Total items,Jumlah barang
Tax Collected,Pajak yang Dipungut
Total tax,Total pajak
No Sales During This Shift,Tidak ada penjualan selama shift ini.
No invoices were created. Closing amounts should match opening amounts.,Tidak ada faktur yang dibuat. Jumlah penutup harus sama dengan jumlah pembuka.
Invoice Details,Rincian Faktur
{0} transactions • {1},{0} transaksi � {1}
N/A,Tidak tersedia
Total:,Total:
Payment Reconciliation,Rekonsiliasi Pembayaran
✓ Shift Closed,? Shift Ditutup
Total Variance,Varians Total
Enter actual amount for {0},Masukkan jumlah sebenarnya untuk {0}
"Expected: <span class=""font-medium"">{0}</span>","Diharapkan: <span class=""font-medium"">{0}</span>"
✓ Balanced,? Seimbang
Over {0},Lebih dari {0}
Short {0},Pendek {0}
Opening,Pembukaan
Shift start,Mulai pergantian shift
Expected,Mengharapkan
No sales,Tidak ada penjualan
Actual Amount *,Jumlah Sebenarnya *
Final Amount,Jumlah Akhir
Count & enter,Hitung & masukkan
Cash Over,Uang Tunai Lebih dari
Cash Short,Kekurangan Uang Tunai
You have more than expected.,Anda mendapatkan lebih dari yang diharapkan.
You have less than expected.,Anda mendapatkan hasil yang lebih sedikit dari yang diharapkan.
Total Expected,Total yang Diharapkan
Total Actual,Total Aktual
Net Variance,Selisih Bersih
Tax Summary,Ringkasan Pajak
Total Tax Collected,Total Pajak yang Dikumpulkan
Error Closing Shift,Kesalahan Penutupan Shift
Dismiss,Membubarkan
Failed to Load Shift Data,Gagal Memuat Data Shift
Please enter all closing amounts,Harap masukkan semua jumlah penutupan.
✓ Shift closed successfully,? Shift berhasil ditutup
Closing Shift...,Shift Penutupan...
{0}h {1}m,{0}jam {1}menit
{0}m,0 m
-- Select --,-- Pilih --
Select Customer,Pilih Pelanggan
Search and select a customer for the transaction,Cari dan pilih pelanggan untuk transaksi tersebut.
"Search customers by name, mobile, or email...","Cari pelanggan berdasarkan nama, nomor ponsel, atau email..."
Search customers,Cari pelanggan
⭐ Recent & Frequent,� Terbaru & Sering
{0} of {1} customers,{0} dari {1} pelanggan
"• Use ↑↓ to navigate, Enter to select","� Gunakan ?'?� untuk bernavigasi, Enter untuk memilih"
Loading customers...,Sedang memuat pelanggan...
No customers available,Tidak ada pelanggan yang tersedia
Create your first customer to get started,Buat pelanggan pertama Anda untuk memulai.
"No results for ""{0}""","Tidak ada hasil untuk ""{0}"""
Try a different search term or create a new customer,Coba kata kunci pencarian lain atau buat pelanggan baru.
#NAME?,#NAME?
All Items,Semua Barang
Syncing catalog in background... {0} items cached,Sinkronisasi katalog di latar belakang... {0} item di-cache
Search items,Cari item
Barcode Scanner: ON (Click to disable),Pemindai Kode Batang: AKTIF (Klik untuk menonaktifkan)
Barcode Scanner: OFF (Click to enable),Pemindai Kode Batang: NONAKTIF (Klik untuk mengaktifkan)
Disable barcode scanner,Nonaktifkan pemindai kode batang
Enable barcode scanner,Aktifkan pemindai kode batang
Auto-Add: ON - Press Enter to add items to cart,Tambah Otomatis: AKTIF - Tekan Enter untuk menambahkan item ke keranjang
Auto-Add: OFF - Click to enable automatic cart addition on Enter,Tambah Otomatis: NONAKTIF - Klik untuk mengaktifkan penambahan otomatis ke keranjang belanja saat Anda memasukkan harga.
Disable auto-add,Nonaktifkan penambahan otomatis
Enable auto-add,Aktifkan penambahan otomatis
Auto,Mobil
Grid View,Tampilan Kisi
Switch to grid view,Beralih ke tampilan kisi
List View,Tampilan Daftar
Switch to list view,Beralih ke tampilan daftar
Sorted by {0} A-Z,Diurutkan berdasarkan {0} AZ
Sorted by {0} Z-A,Diurutkan berdasarkan {0} ZA
Sort items,Urutkan barang
Sort Items,Urutkan Barang
No Sorting,Tidak Ada Penyortiran
Loading items...,Memuat item...
No results for {0} in {1},Tidak ada hasil untuk {0} di {1}
No results in {0},Tidak ada hasil di {0}
No results for {0},Tidak ada hasil untuk {0}
No items available,Tidak ada barang yang tersedia
{0}: {1} {2},{0}: {1} {2}
Nos,Tidak
Check availability in other warehouses,Periksa ketersediaan di gudang lain
Check Availability in All Wherehouses,Periksa Ketersediaan di Semua Gudang
Selected,Terpilih
Check warehouse availability,Periksa ketersediaan gudang
Loading more items...,Memuat lebih banyak item...
All items loaded,Semua barang sudah dimuat.
{0} items found,{0} item ditemukan
{0} - {1} of {2},{0} - {1} dari {2}
Go to first page,Kembali ke halaman pertama
Go to previous page,Kembali ke halaman sebelumnya
Go to page {0},Buka halaman {0}
Go to next page,Lanjut ke halaman berikutnya
Go to last page,Kembali ke halaman sebelumnya
Code,Kode
Rate,Kecepatan
Qty,Jumlah
UOM,UOM
{0}: {1} Bundles,{0}: {1} Bundel
Auto-Add ON - Type or scan barcode,Tambah Otomatis AKTIF - Ketik atau pindai kode batang
Scanner ON - Enable Auto for automatic addition,Pemindai AKTIF - Aktifkan Otomatis untuk penambahan otomatis
"Search by item code, name or scan barcode","Cari berdasarkan kode barang, nama, atau pindai kode batang."
Item Not Found: No item found with barcode: {0},Barang Tidak Ditemukan: Tidak ada barang yang ditemukan dengan kode batang: {0}
Multiple Items Found: {0} items match barcode. Please refine search.,Beberapa Item Ditemukan: {0} item cocok dengan barcode. Harap perbaiki pencarian.
Multiple Items Found: {0} items match. Please select one.,Beberapa Item Ditemukan: {0} item cocok. Silakan pilih salah satu.
Loading invoice details...,Memuat detail faktur...
Return Against:,Pengembalian Terhadap:
Grand Total,Jumlah Total
Taxes:,Pajak:
Net Total:,Jumlah Bersih:
Discount:,Diskon:
Grand Total:,Jumlah Total:
Paid Amount:,Jumlah yang Dibayarkan:
Outstanding:,Luar biasa:
Remarks,Perkataan
Failed to load invoice details,Gagal memuat detail faktur
Warehouse Availability,Ketersediaan Gudang
Close dialog,Tutup dialog
Checking warehouse availability...,Memeriksa ketersediaan gudang...
Actual Stock:,Stok Aktual:
This item is out of stock in all warehouses,Barang ini habis stok di semua gudang.
Total Available:,Jumlah yang Tersedia:
across 1 warehouse,di seluruh 1 gudang
across {0} warehouses,di seluruh {0} gudang
Have a coupon code?,Punya kode kupon?
Enter your promotional or gift card code below,Masukkan kode promosi atau kartu hadiah Anda di bawah ini.
ENTER-CODE-HERE,MASUKKAN KODE DI SINI
Code is case-insensitive,Kode tidak peka terhadap huruf besar/kecil.
My Gift Cards ({0}),Kartu Hadiah Saya ({0})
Coupon Applied Successfully!,Kupon berhasil diterapkan!
Discount Amount,Jumlah Diskon
Please enter a coupon code,Silakan masukkan kode kupon
The coupon code you entered is not valid,Kode kupon yang Anda masukkan tidak valid.
This coupon requires a minimum purchase of,Kupon ini memerlukan pembelian minimum sebesar...
Failed to apply coupon. Please try again.,Kupon gagal diterapkan. Silakan coba lagi.
Discount has been removed,Diskon telah dihapus.
Search countries...,Cari negara...
No countries found,Tidak ada negara yang ditemukan
Create New Customer,Buat Pelanggan Baru
Customer Name,Nama Pelanggan
Enter customer name,Masukkan nama pelanggan
Mobile Number,Nomor Ponsel
Search country or code...,Cari negara atau kode pos...
Enter phone number,Masukkan nomor telepon
Enter email address,Masukkan alamat email
Customer Group,Kelompok Pelanggan
Select Customer Group,Pilih Grup Pelanggan
Territory,Wilayah
Select Territory,Pilih Wilayah
Permission Required,Izin Diperlukan
You don't have permission to create customers. Contact your administrator.,Anda tidak memiliki izin untuk membuat pelanggan. Hubungi administrator Anda.
Individual,Individu
All Territories,Semua Wilayah
Customer {0} created successfully,Pelanggan {0} berhasil dibuat
Failed to create customer,Gagal membuat pelanggan
Customer Name is required,Nama Pelanggan wajib diisi.
Promotion & Coupon Management,Manajemen Promosi & Kupon
Manage promotional schemes and coupons,Kelola skema promosi dan kupon.
Promotional Schemes,Skema Promosi
Coupons,Kupon
Search promotions...,Cari promosi...
Active Only,Hanya Aktif
Expired Only,Hanya yang sudah kadaluarsa
Not Started,Belum dimulai
Disabled Only,Khusus Penyandang Disabilitas
Create New Promotion,Buat Promosi Baru
Create permission required,Buat izin yang diperlukan
No promotions found,Tidak ada promosi yang ditemukan
Rule,Aturan
Scheme,Skema
{0} items,{0} item
No expiry,Tidak ada tanggal kedaluwarsa
Select a Promotion,Pilih Promosi
"Choose a promotion from the list to view and edit, or create a new one to get started","Pilih promosi dari daftar untuk melihat dan mengedit, atau buat yang baru untuk memulai."
You don't have permission to create promotions,Anda tidak memiliki izin untuk membuat promosi.
Create New Promotion,Buat Promosi Baru
Edit Promotion,Edit Promosi
Pricing Rule,Aturan Penetapan Harga
Promotional Scheme,Skema Promosi
Fill in the details to create a new promotional scheme,Isi detail untuk membuat skema promosi baru.
View pricing rule details (read-only),Lihat detail aturan penetapan harga (hanya baca)
Update the promotion details below,Perbarui detail promosi di bawah ini.
Read-only: Edit in ERPNext,Hanya baca: Edit di ERPNext
Enable,Memungkinkan
Basic Information,Informasi Dasar
Promotion Name,Nama Promosi
"e.g., Summer Sale 2025","misalnya, Diskon Musim Panas 2025"
Valid From,Berlaku Mulai
Valid Until,Berlaku Hingga
Apply On,Ajukan Permohonan Pada
Specific Items,Barang-barang Spesifik
Item Groups,Kelompok Item
Brands,Merek
Entire Transaction,Seluruh Transaksi
Select {0},Pilih {0}
Required,Diperlukan
Search items... (min 2 characters),Cari item... (minimal 2 karakter)
Searching from {0} cached items,Mencari dari {0} item yang di-cache
Select Item Group,Pilih Grup Item
Select Brand,Pilih Merek
Select Item,Pilih Item
Select option,Pilih opsi
Search by name or code...,Cari berdasarkan nama atau kode...
No items found,Tidak ada barang yang ditemukan
Discount Details,Detail Diskon
Discount Type,Jenis Diskon
Discount (%),Diskon (%)
discount ({0}),diskon ({0})
Free Item,Barang Gratis
Search item... (min 2 characters),Cari item... (minimal 2 karakter)
Free Quantity,Jumlah Gratis
Minimum Quantity,Jumlah Minimum
Maximum Quantity,Jumlah Maksimum
Minimum Amount ({0}),Jumlah Minimum ({0})
Maximum Amount ({0}),Jumlah Maksimum ({0})
Delete Promotion,Hapus Promosi
"Are you sure you want to delete <strong>""{0}""<strong>?","Apakah Anda yakin ingin menghapus <strong>""{0}""<strong>?"
This will also delete all associated pricing rules. This action cannot be undone.,Tindakan ini juga akan menghapus semua aturan penetapan harga yang terkait. Tindakan ini tidak dapat dibatalkan.
Percentage,Persentase
Fixed Amount,Jumlah Tetap
Failed to load item groups,Gagal memuat grup item
Failed to load brands,Merek gagal dimuat
Promotion created successfully,Promosi berhasil dibuat.
Failed to create promotion,Gagal membuat promosi
Promotion updated successfully,Promosi berhasil diperbarui.
Failed to update promotion,Promosi gagal diperbarui
Promotion status updated successfully,Status promosi berhasil diperbarui.
Failed to update promotion status,Status promosi gagal diperbarui.
Promotion deleted successfully,Promosi berhasil dihapus.
Failed to delete promotion,Promosi gagal dihapus.
Failed to load promotion details,Detail promosi gagal dimuat.
An error occurred,Terjadi kesalahan
Please enter a promotion name,Silakan masukkan nama promosi
"Promotion ""{0}"" already exists. Please use a different name.","Promosi ""{0}"" sudah ada. Silakan gunakan nama lain."
Please select at least one {0},Silakan pilih setidaknya satu {0}
Partially Paid ({0}),Dibayar Sebagian ({0})
Unpaid ({0}),Belum dibayar ({0})
Overdue ({0}),Terlambat ({0})
Outstanding Payments,Pembayaran Tertunggak
{0} paid,{0} dibayar
No Unpaid Invoices,Tidak Ada Faktur yang Belum Dibayar
All invoices are fully paid,Semua faktur telah dibayar lunas.
No invoices found,Tidak ditemukan faktur.
Date & Time,Tanggal & Waktu
Paid Amount,Jumlah yang Dibayarkan
No draft invoices,Tidak ada draf faktur
Save invoices as drafts to continue later,Simpan faktur sebagai draf untuk dilanjutkan nanti.
Customer: {0},Pelanggan: {0}
Delete draft,Hapus draf
{0} item(s),{0} item
+{0} more,+{0} lainnya
No return invoices,Tidak ada faktur pengembalian
Return invoices will appear here,Faktur pengembalian akan muncul di sini.
Against: {0},Melawan: {0}
Drafts,Draf
Failed to load unpaid invoices,Gagal memuat faktur yang belum dibayar
Select Batch Numbers,Pilih Nomor Batch
Select Serial Numbers,Pilih Nomor Seri
Select Batch Number,Pilih Nomor Batch
Qty: {0},Jumlah: {0}
Exp: {0},Kedaluwarsa: {0}
Select Serial Numbers ({0}/{1}),Pilih Nomor Seri ({0}/{1})
Warehouse: {0},Gudang: {0}
Or enter serial numbers manually (one per line),Atau masukkan nomor seri secara manual (satu per baris)
Enter serial numbers...,Masukkan nomor seri...
Change language: {0},Ubah bahasa: {0}
<strong>{0}</strong> of <strong>{1}</strong> invoice(s),<strong>{0}</strong> dari <strong>{1}</strong> faktur
Clear all,Hapus semua
From Date,Dari Tanggal
To Date,Hingga saat ini
Save these filters as...,Simpan filter ini sebagai...
Saved Filters,Filter Tersimpan
Partial,Sebagian
"Delete ""{0}""?","Hapus ""{0}""?"
Install POSNext,Instal POSNext
Faster access and offline support,Akses lebih cepat dan dukungan offline
Snooze for 7 days,Tidur selama 7 hari
Install,Memasang
Close (shows again next session),Tutup (akan ditampilkan lagi di sesi berikutnya)
Searching...,Sedang mencari...
No options available,Tidak ada pilihan yang tersedia
Clear selection,Hapus pilihan
Load more ({0} remaining),Muat lebih banyak ({0} tersisa)
Search...,Mencari...
Search coupons...,Cari kupon...
Expired,Kedaluwarsa
Exhausted,Lelah
All Types,Semua Jenis
POS Next,POS Berikutnya
View items,Lihat item
View cart,Lihat keranjang
View cart with {0} items,Lihat keranjang dengan {0} item
Hr,Jam
Min,Min
Sec,Detik
{0} paid of {1},{0} membayar dari {1}
Outstanding,Luar biasa
Sales Persons,Tenaga Penjualan
Sales Person,Tenaga Penjual
1 selected,1 terpilih
Selected:,Terpilih:
Total: {0}% (should be 100%),Total: {0}% (seharusnya 100%)
Commission: {0}%,Komisi: 0%
Search to add sales persons,Cari untuk menambahkan tenaga penjualan
Loading sales persons...,Memuat tenaga penjualan...
No sales persons found,Tidak ditemukan tenaga penjualan.
Additional Discount,Diskon Tambahan
% Percent,% Persen
{0} Amount,Jumlah {0}
Select payment method to add,Pilih metode pembayaran untuk ditambahkan
Added,Ditambahkan
Quick amounts for {0},Jumlah cepat untuk {0}
Custom amount,Jumlah khusus
Payment Breakdown,Rincian Pembayaran
Apply Credit,Ajukan Kredit
Pay on Account,Pembayaran secara kredit
Maximum allowed discount is {0}%,Diskon maksimum yang diperbolehkan adalah {0}%
Maximum allowed discount is {0}% ({1} {2}),Diskon maksimum yang diperbolehkan adalah {0}% ({1} {2})
Create new customer,Buat pelanggan baru
Remove customer,Hapus pelanggan
Search or add customer...,Cari atau tambahkan pelanggan...
Search customer in cart,Cari pelanggan di keranjang belanja
Select items to start or choose a quick action,Pilih item untuk memulai atau pilih tindakan cepat.
View current shift details,Lihat detail shift saat ini
View draft invoices,Lihat draf faktur
View invoice history,Lihat riwayat faktur
Process return invoice,Proses pengembalian faktur
Close current shift,Tutup shift saat ini
{0} free item(s) included,{0} item gratis disertakan
+{0} FREE,+{0} GRATIS
Remove {0},Hapus {0}
Remove item,Hapus item
Decrease quantity,Kurangi jumlah
Increase quantity,Tingkatkan kuantitas
Click to change unit,Klik untuk mengubah satuan
Only one unit available,Hanya satu unit yang tersedia
Total Quantity,Jumlah Total
Proceed to payment,Lanjutkan ke pembayaran
Hold order as draft,Tahan pesanan sebagai draf.
Hold,Memegang
Offers,Penawaran
Coupon,Kupon
Edit Item Details,Edit Detail Item
"Edit item quantity, UOM, warehouse, and discount","Edit jumlah item, satuan ukuran, gudang, dan diskon."
Default,Bawaan
Item Discount,Diskon Barang
Percentage (%),Persentase (%)
Checking Stock...,Memeriksa Stok...
No Stock Available,Stok Habis
Update Item,Perbarui Item
"""{0}"" is not available in warehouse ""{1}"". Please select another warehouse.","""{0}"" tidak tersedia di gudang ""{1}"". Silakan pilih gudang lain."
"Only {0} units of ""{1}"" available in ""{2}"". Current quantity: {3}","Hanya ada {0} unit ""{1}"" yang tersedia di ""{2}"". Jumlah saat ini: {3}"
"{0} units available in ""{1}""","{0} unit tersedia di ""{1}"""
Available Offers,Penawaran yang Tersedia
Loading offers...,Memuat penawaran...
Applying offer...,Menerapkan penawaran...
No offers available,Tidak ada penawaran yang tersedia
Add items to your cart to see eligible offers,Tambahkan item ke keranjang belanja Anda untuk melihat penawaran yang berlaku.
APPLIED,TERAPAN
PRICING RULE,ATURAN PENETAPAN HARGA
PROMO SCHEME,SKEMA PROMOSI
{0}% OFF,Diskon 0%
{0} OFF,{0} MATI
Special Offer,Penawaran khusus
#NAME?,#NAME?
Min Purchase,Pembelian Minimum
Min Quantity,Jumlah Minimum
Subtotal (before tax),Subtotal (sebelum pajak)
Add {0} more to unlock,Tambahkan {0} lagi untuk membuka kunci
Remove Offer,Hapus Penawaran
Apply Offer,Ajukan Penawaran
Create Return Invoice,Buat Faktur Pengembalian
Select Invoice to Return,Pilih Faktur yang Akan Dikembalikan
Search by invoice number or customer name...,Cari berdasarkan nomor faktur atau nama pelanggan...
Search by invoice number or customer...,Cari berdasarkan nomor faktur atau pelanggan...
Process Return,Proses Pengembalian
Select Items to Return,Pilih Barang yang Ingin Dikembalikan
⚠️ {0} already returned,� � {0} sudah dikembalikan
Return Qty:,Jumlah Pengembalian:
of {0},dari {0}
No items available for return,Tidak ada barang yang tersedia untuk dikembalikan.
Refund Payment Methods,Metode Pembayaran Pengembalian Dana
#NAME?,#NAME?
Select method...,Pilih metode...
Select payment method...,Pilih metode pembayaran...
Total Refund:,Total Pengembalian Dana:
Payment Total:,Total Pembayaran:
⚠️ Payment total must equal refund amount,?? Jumlah total pembayaran harus sama dengan jumlah pengembalian dana
Return Summary,Ringkasan Pengembalian
Items to Return:,Barang yang Harus Dikembalikan:
Refund Amount:,Jumlah Pengembalian Dana:
"Enter reason for return (e.g., defective product, wrong item, customer request)...","Masukkan alasan pengembalian (misalnya, produk cacat, barang salah, permintaan pelanggan)..."
{0} item(s) selected,{0} item terpilih
Create Return,Buat Pengembalian
OK,OKE
Invoice must be submitted to create a return,Faktur harus diserahkan untuk membuat pengembalian.
Cannot create return against a return invoice,Tidak dapat membuat pengembalian terhadap faktur pengembalian.
All items from this invoice have already been returned,Semua barang dari faktur ini telah dikembalikan.
Return against {0},Kembali terhadap {0}
Failed to create return invoice,Gagal membuat faktur pengembalian.
Failed to load recent invoices,Faktur terbaru gagal dimuat.
{0}: maximum {1},{0}: maksimum {1}
Adjust return quantities before submitting.\n\n{0},Sesuaikan jumlah pengembalian sebelum mengirimkan.\n\n{0}
{0} Pending Invoice(s),{0} Faktur Tertunda
These invoices will be submitted when you're back online,Faktur-faktur ini akan dikirimkan setelah Anda kembali online.
Sync All,Sinkronkan Semua
No pending offline invoices,Tidak ada faktur offline yang tertunda
Walk-in Customer,Pelanggan yang datang langsung
{0} failed,{0} gagal
Payments:,Pembayaran:
Edit Invoice,Edit Faktur
Are you sure you want to delete this offline invoice?,Apakah Anda yakin ingin menghapus faktur offline ini?
This action cannot be undone.,Tindakan ini tidak dapat dibatalkan.
Just now,Baru saja
{0} minutes ago,{0} menit yang lalu
{0} hours ago,0 jam yang lalu
POS Settings,Pengaturan POS
Save Changes,Simpan Perubahan
Loading settings...,Memuat pengaturan...
Stock Management,Manajemen Stok
Configure warehouse and inventory settings,Konfigurasikan pengaturan gudang dan inventaris.
Stock Controls,Kontrol Stok
Warehouse Selection,Pemilihan Gudang
Loading warehouses...,Memuat barang ke gudang...
Active Warehouse,Gudang Aktif
All stock operations will use this warehouse. Stock quantities will refresh after saving.,Semua operasi perstok akan menggunakan gudang ini. Jumlah stok akan diperbarui setelah disimpan.
Stock Validation Policy,Kebijakan Validasi Stok
Allow Negative Stock,Izinkan Stok Negatif
Enable selling items even when stock reaches zero or below. Integrates with ERPNext stock settings.,Memungkinkan penjualan barang bahkan ketika stok mencapai nol atau kurang. Terintegrasi dengan pengaturan stok ERPNext.
Background Stock Sync,Sinkronisasi Stok Latar Belakang
Enable Automatic Stock Sync,Aktifkan Sinkronisasi Saham Otomatis
Periodically sync stock quantities from server in the background (runs in Web Worker),Sinkronkan jumlah stok secara berkala dari server di latar belakang (berjalan di Web Worker)
Sync Interval (seconds),Interval Sinkronisasi (detik)
How often to check server for stock updates (minimum 10 seconds),Seberapa sering server diperiksa untuk pembaruan stok (minimal 10 detik)
Warehouse not set,Gudang belum diatur
Network Usage:,Penggunaan Jaringan:
~15 KB per sync cycle,~15 KB per siklus sinkronisasi
~{0} MB per hour,~{0} MB per jam
Sales Management,Manajemen Penjualan
"Configure pricing, discounts, and sales operations","Konfigurasikan harga, diskon, dan operasional penjualan."
Sales Controls,Kontrol Penjualan
Pricing & Discounts,Harga & Diskon
Tax Inclusive,Harga sudah termasuk pajak
"When enabled, displayed prices include tax. When disabled, tax is calculated separately. Changes apply immediately to your cart when you save.","Saat diaktifkan, harga yang ditampilkan sudah termasuk pajak. Saat dinonaktifkan, pajak dihitung secara terpisah. Perubahan akan langsung berlaku pada keranjang belanja Anda saat Anda menyimpan."
Max Discount (%),Diskon Maksimum (%)
Maximum discount per item,Diskon maksimal per item
Use Percentage Discount,Gunakan Diskon Persentase
Show discounts as percentages,Tampilkan diskon dalam bentuk persentase
Allow Additional Discount,Berikan Diskon Tambahan
Enable invoice-level discount,Aktifkan diskon tingkat faktur
Allow Item Discount,Izinkan Diskon Barang
Enable item-level discount in edit dialog,Aktifkan diskon tingkat item di dialog edit.
Disable Rounded Total,Nonaktifkan Total Pembulatan
Show exact totals without rounding,Tampilkan total yang tepat tanpa pembulatan
Sales Operations,Operasi Penjualan
Allow Credit Sale,Izinkan Penjualan Kredit
Enable sales on credit,Aktifkan penjualan secara kredit
Allow Return,Izinkan Pengembalian
Enable product returns,Aktifkan pengembalian produk
Allow Write Off Change,Izinkan Penghapusan Nominal Kembalian KEcil
Write off small change amounts,Hapuskan uang kembalian kecil.
Allow Partial Payment,Izinkan Pembayaran Sebagian
Enable partial payment for invoices,Aktifkan pembayaran sebagian untuk faktur
Print without confirmation,Cetak tanpa konfirmasi
No POS Profile Selected,Tidak ada Profil POS yang Dipilih
Please select a POS Profile to configure settings,Silakan pilih Profil POS untuk mengkonfigurasi pengaturan.
Failed to load settings,Gagal memuat pengaturan
POS Profile not found,Profil POS tidak ditemukan
Settings saved successfully,Pengaturan berhasil disimpan.
"Settings saved, warehouse updated, and tax mode changed. Cart will be recalculated.","Pengaturan tersimpan, gudang diperbarui, dan mode pajak diubah. Keranjang belanja akan dihitung ulang."
Settings saved and warehouse updated. Reloading stock...,Pengaturan tersimpan dan gudang telah diperbarui. Memuat ulang stok...
Failed to save settings,Gagal menyimpan pengaturan
{0}s ago,{0} detik yang lalu
{0}m ago,0 menit yang lalu
Sign in to POS Next,Masuk ke POS Next
Login Failed,Login Gagal
Enter your username or email,Masukkan nama pengguna atau email Anda
User ID / Email,ID Pengguna / Email
Enter your password,Masukkan kata sandi Anda
Hide password,Sembunyikan kata sandi
Show password,Tampilkan kata sandi
Signing in...,Sedang masuk...
Clear all items,Hapus semua item
View all available offers,Lihat semua penawaran yang tersedia
Apply coupon code,Gunakan kode kupon
Create New Coupon,Buat Kupon Baru
No coupons found,Tidak ditemukan kupon.
Gift,Hadiah
Used: {0}/{1},Digunakan: {0}/{1}
Used: {0},Digunakan: {0}
Select a Coupon,Pilih Kupon
"Choose a coupon from the list to view and edit, or create a new one to get started","Pilih kupon dari daftar untuk melihat dan mengedit, atau buat yang baru untuk memulai."
You don't have permission to create coupons,Anda tidak memiliki izin untuk membuat kupon.
Coupon Details,Detail Kupon
Fill in the details to create a new coupon,Isi detail untuk membuat kupon baru.
View and update coupon information,Lihat dan perbarui informasi kupon.
Create,Membuat
Coupon Name,Nama Kupon
"e.g., Summer Sale Coupon 2025",Contoh: Kupon Diskon Musim Panas 2025
Coupon Type,Jenis Kupon
Promotional,Promosi
Gift Card,Kartu Hadiah
Auto-generated if empty,Dibuat secara otomatis jika kosong
Generate,Menghasilkan
Customer ID or Name,ID atau Nama Pelanggan
Company,Perusahaan
Discount Configuration,Konfigurasi Diskon
Apply Discount On,Terapkan Diskon pada
Net Total,Jumlah Bersih
"e.g., 20","misalnya, 20"
Amount in {0},Jumlah dalam {0}
Minimum Cart Amount,Jumlah Minimum Keranjang Belanja
Optional minimum in {0},Minimum opsional dalam {0}
Maximum Discount Amount,Jumlah Diskon Maksimum
Optional cap in {0},Tutup opsional di {0}
Current Discount:,Diskon Saat Ini:
{0}% off {1},Diskon 0% untuk 1
{0} off {1},{0} mati {1}
(Min: {0}),(Minimum: {0})
(Max Discount: {0}),(Diskon Maksimum: {0})
Validity & Usage,Validitas & Penggunaan
Unlimited,Tak terbatas
Only One Use Per Customer,Hanya untuk Satu Kali Penggunaan Per Pelanggan
Coupon Status & Info,Status & Info Kupon
Current Status,Status Saat Ini
Created On,Dibuat Pada
Last Modified,Terakhir Diubah
Delete Coupon,Hapus Kupon
-- No Campaign --,-- Tanpa Kampanye --
Failed to load coupons,Gagal memuat kupon
Failed to load coupon details,Detail kupon gagal dimuat.
Coupon created successfully,Kupon berhasil dibuat.
Failed to create coupon,Gagal membuat kupon
Coupon updated successfully,Kupon berhasil diperbarui.
Failed to update coupon,Kupon gagal diperbarui
Coupon status updated successfully,Status kupon berhasil diperbarui
Failed to toggle coupon status,Gagal mengubah status kupon
Coupon deleted successfully,Kupon berhasil dihapus.
Failed to delete coupon,Gagal menghapus kupon
Please enter a coupon name,Silakan masukkan nama kupon
Please select a discount type,Silakan pilih jenis diskon
Please enter a valid discount percentage (1-100),Silakan masukkan persentase diskon yang valid (1-100)
Please enter a valid discount amount,Silakan masukkan jumlah diskon yang valid.
Please select a customer for gift card,Silakan pilih pelanggan untuk kartu hadiah.
Cannot delete coupon as it has been used {0} times,Kupon tidak dapat dihapus karena telah digunakan {0} kali.
Add to Cart,Tambahkan ke Keranjang
Warehouse,Gudang
Search products...,Cari produk...
Item Code,Kode Barang
Brand,Merek
Transaction,Transaksi
"e.g., Summer Sale 2025","misalnya, Diskon Musim Panas 2025"
Pricing Rules,Aturan Penetapan Harga
Promo Schemes,Skema Promosi
Return Reason,Alasan Pengembalian
"Settings saved. Tax mode is now ""inclusive"". Cart will be recalculated.","Pengaturan tersimpan. Mode pajak sekarang ""inklusif"". Keranjang belanja akan dihitung ulang."
"Settings saved. Tax mode is now ""exclusive"". Cart will be recalculated.","Pengaturan tersimpan. Mode pajak sekarang ""eksklusif"". Keranjang belanja akan dihitung ulang."
"This will clear all cached items, customers, and stock data. Invoices and drafts will be preserved.","Ini akan menghapus semua item, pelanggan, dan data stok yang tersimpan dalam cache. Faktur dan draf akan tetap tersimpan."
Clear All Data,Hapus Semua Data
Clearing...,Membersihkan...
Confirm Clear Cache,Konfirmasi Hapus Cache
Manage Invoices,Kelola Faktur
Outstanding,Luar biasa
No Outstanding,Tidak Ada Tunggakan
Pay Outstanding,Pembayaran Tertunggak
View Outstanding,Pemandangan Luar Biasa
Search invoices...,Cari faktur...
Invoice Management,Manajemen Faktur
All Invoices,Semua Faktur
Draft,Draf
Return,Kembali
Load More,Muat Lebih Banyak
No more invoices,Tidak ada lagi faktur
Failed to load invoices,Gagal memuat faktur
Apply Filter,Terapkan Filter
Reset Filter,Atur Ulang Filter
Filter by Status,Saring berdasarkan Status
Filter by Date,Filter berdasarkan Tanggal
Show All,Tampilkan Semua
Shift Details,Rincian Shift
Shift ID,ID Shift
Cashier,Kasir
Current Time,Waktu Saat Ini
Cash Sales,Penjualan Tunai
Card Sales,Penjualan Kartu
Other Sales,Penjualan Lainnya
Total Transactions,Total Transaksi
Average Transaction,Transaksi Rata-Rata
Shift Summary,Ringkasan Pergeseran
View Full Report,Lihat Laporan Lengkap
Print Report,Cetak Laporan
Export Data,Ekspor Data
Quick Actions,Tindakan Cepat
New Sale,Penjualan Baru
Returns,Pengembalian
Recent Activity,Aktivitas Terkini
No recent activity,Tidak ada aktivitas terbaru.
Show All Activity,Tampilkan Semua Aktivitas
Keyboard Shortcuts,Pintasan Keyboard
Press F1 for help,Tekan F1 untuk bantuan
Press Enter to search,Tekan Enter untuk mencari
Press Esc to close,Tekan Esc untuk menutup
Scanning...,Memindai...
Scan Complete,Pemindaian Selesai
Scan Failed,Pemindaian Gagal
Invalid Barcode,Kode Batang Tidak Valid
Item Scanned,Barang Dipindai
Multiple Results,Beberapa Hasil
Select Item,Pilih Item
Enter Quantity,Masukkan Jumlah
Set Price,Harga Tetap
Custom Price,Harga Khusus
Original Price,Harga Asli
New Price,Harga Baru
Price Changed,Harga Berubah
Discount Applied,Diskon Berlaku
Offer Applied,Penawaran telah diterapkan.
Coupon Applied,Kupon telah diterapkan.
Free Items Added,Barang Gratis Ditambahkan
Bundle Items,Bundel Barang
View Bundle,Lihat Paket
Expand Bundle,Perluas Bundel
Collapse Bundle,Bundel Ciutkan
Stock Warning,Peringatan Stok
Low Stock Warning,Peringatan Stok Menipis
Only {0} left in stock,Hanya tersisa {0} stok
Continue Anyway,Lanjutkan saja
Check Other Warehouses,Periksa Gudang Lainnya
Transfer Stock,Transfer Stok
Reserve Stock,Stok Cadangan
Stock Reserved,Stok Dicadangkan
Reservation Expired,Reservasi Telah Kedaluwarsa
Extend Reservation,Perpanjang Reservasi
Release Reservation,Reservasi Rilis
Customer Account,Akun Pelanggan
Credit Limit,Batas Kredit
Available Credit,Kredit Tersedia
Credit Used,Kredit yang Digunakan
Credit Exceeded,Kredit Terlampaui
Requires Approval,Membutuhkan Persetujuan
Request Approval,Permohonan Persetujuan
Approval Pending,Persetujuan Tertunda
Approved,Disetujui
Rejected,Ditolak
Loyalty Points,Poin Loyalitas
Points Balance,Saldo Poin
Redeem Points,Tukarkan Poin
Points to Redeem,Poin yang Dapat Ditukarkan
Points Value,Nilai Poin
Points Earned,Poin yang Didapatkan
Points Redeemed,Poin yang Ditukarkan
Split Payment,Pembayaran Terpisah
Add Split,Tambahkan Pemisah
Remove Split,Hapus Pemisahan
Split Amount,Jumlah yang Dibagi
Remaining to Pay,Sisa Pembayaran
Payment Complete,Pembayaran Selesai
Print Options,Opsi Cetak
Print Preview,Pratinjau Cetak
Printer Settings,Pengaturan Printer
Select Printer,Pilih Printer
Default Printer,Printer Default
Paper Size,Ukuran Kertas
Print Copies,Salinan Cetak
Include Logo,Sertakan Logo
Include QR Code,Sertakan Kode QR
Include Barcode,Sertakan Kode Batang
Compact Mode,Mode Ringkas
Full Mode,Mode Penuh
Email Receipt,Tanda Terima Email
SMS Receipt,Tanda Terima SMS
WhatsApp Receipt,Tanda Terima WhatsApp
Receipt Sent,Tanda Terima Terkirim
Failed to Send,Pengiriman Gagal
Retry,Mencoba kembali
Skip,Melewati
Done,Selesai
Finish,Menyelesaikan
Complete Sale,Penjualan Lengkap
New Transaction,Transaksi Baru
Continue Shopping,Lanjutkan Berbelanja
Start New Sale,Mulai Penjualan Baru
View Receipt,Lihat Tanda Terima
Download Receipt,Unduh Tanda Terima
Share Receipt,Tanda Terima Saham
Copy Link,Salin Tautan
Link Copied,Tautan Disalin
Invoice loaded to cart for editing,Faktur telah ditambahkan ke keranjang untuk diedit.
Campaign,Kampanye
Referral Code,Kode Referensi
Times Used,Kali Digunakan
Maximum Use,Penggunaan Maksimum
"Are you sure you want to delete <strong>""{0}""<strong>?","Apakah Anda yakin ingin menghapus <strong>""{0}""<strong>?"
"Return Reason <span class=""text-gray-400"">(optional)</span>","Alasan Pengembalian <span class=""text-gray-400"">(opsional)</span>"
Return Reason &lt;span class=&quot;text-gray-400&quot;&gt;(optional)&lt;/span&gt;,Alasan pengembalian &lt;span class=&quot;text-gray-400&quot;&gt;(opsional)&lt;/span&gt;
"<strong>Note:<strong> When enabled, the system will allow sales even when stock quantity is zero or negative. This is useful for handling stock sync delays or backorders. All transactions are tracked in the stock ledger.","<strong>Catatan:<strong> Saat diaktifkan, sistem akan mengizinkan penjualan meskipun jumlah stok nol atau negatif. Ini berguna untuk menangani penundaan sinkronisasi stok atau pesanan tertunda. Semua transaksi dilacak dalam buku besar stok."
<strong>Status:<strong> Running,<strong>Status:<strong> Berjalan
<strong>Status:<strong> Stopped,<strong>Status:<strong> Berhenti
<strong>Items Tracked:<strong> {0},<strong>Item yang Dilacak:<strong> {0}
<strong>Warehouse:<strong> {0},Gudang: {0}
<strong>Last Sync:<strong> {0},<strong>Sinkronisasi Terakhir:<strong> {0}
<strong>Last Sync:<strong> Never,<strong>Sinkronisasi Terakhir:<strong> Tidak Pernah
Cart subtotal BEFORE tax - used for discount calculations,Subtotal keranjang belanja SEBELUM pajak - digunakan untuk perhitungan diskon
Draft invoice deleted,Draf faktur dihapus
Failed to delete draft invoice,Gagal menghapus draf faktur
Search sales person...,Cari tenaga penjualan...
Item Group,Kelompok Item
Mobile,Ponsel
Clear Cache?,Hapus Cache?
Clearing Cache...,Menghapus Cache...
Please wait while we clear your cached data,Mohon tunggu sementara kami menghapus data cache Anda.
<strong>Company:<strong>,<strong>Perusahaan:<strong>
<strong>Opened:</strong> {0},<strong>Dibuka:</strong> {0}
<strong>Opened:<strong>,<strong>Dibuka:<strong>
<strong>POS Profile:</strong> {0},<strong>Profil POS:</strong> {0}
<strong>POS Profile:<strong> {0},<strong>Profil POS:<strong> {0}
(FREE),(GRATIS)
Are you sure you want to sign out of POS Next?,Apakah Anda yakin ingin keluar dari POS Next?
At least {0} items required,Setidaknya {0} item diperlukan
Create new customer: {0},Buat pelanggan baru: {0}
Creating return for invoice {0},Membuat pengembalian untuk faktur {0}
Enter actual amount for {0},Masukkan jumlah sebenarnya untuk {0}
Exception: {0},Pengecualian: {0}
"Expected: <span class=""font-medium"">{0}</span>","Diharapkan: <span class=""font-medium"">{0}</span>"
From {0},Dari {0}
Invoice - {0},Faktur - {0}
Invoice ID: {0},ID Faktur: {0}
Invoice {0} created and sent to printer,Faktur {0} dibuat dan dikirim ke printer
Invoice {0} created but print failed,Faktur {0} dibuat tetapi pencetakan gagal
Invoice {0} created successfully,Faktur {0} berhasil dibuat
Invoice {0} created successfully!,Faktur {0} berhasil dibuat!
Item: {0},Item: {0}
Maximum cart value exceeded ({0}),Nilai keranjang belanja maksimum terlampaui ({0})
Maximum {0} items allowed for this offer,Jumlah maksimum {0} item diperbolehkan untuk penawaran ini
Message: {0},Pesan: {0}
Minimum cart value of {0} required,Nilai keranjang minimum {0} diperlukan
No pending invoices to sync,Tidak ada faktur tertunda yang perlu disinkronkan.
Opening Balance (Optional),Saldo Awal (Opsional)
Over {0},Lebih dari {0}
POS Profile: {0},Profil POS: {0}
Promotion saved successfully,Promosi berhasil disimpan.
Remove all {0} items from cart?,Hapus semua {0} item dari keranjang?
Return invoice {0} created successfully,Faktur pengembalian {0} berhasil dibuat
Search by email: {0},Cari berdasarkan email: {0}
Search by phone: {0},Cari berdasarkan telepon: {0}
Shift Open,Shift Terbuka
Short {0},Pendek {0}
Sign in,Masuk
Sign out,Keluar
Signing out...,Mengakhiri sesi...
Status: {0},Status: {0}
Switched to {0}. Stock quantities refreshed.,Beralih ke {0}. Jumlah stok diperbarui.
Technical: {0},Teknis: {0}
Timestamp: {0},Cap waktu: {0}
Title: {0},Judul: {0}
Total: {0},Total: {0}
Type: {0},Tipe: {0}
Unit changed to {0},Unit diubah menjadi {0}
Until {0},Sampai {0}
User: {0},Pengguna: {0}
View cart with {0} items,Lihat keranjang dengan {0} item
Warehouse updated but failed to reload stock. Please refresh manually.,Gudang telah diperbarui tetapi gagal memuat ulang stok. Silakan perbarui secara manual.
Welcome to POS Next!,Selamat datang di POS Next!
You have an open shift. Would you like to resume it or close it and open a new one?,Anda memiliki jadwal kerja yang terbuka. Apakah Anda ingin melanjutkannya atau menutupnya dan membuka jadwal kerja baru?
Your cart doesn't meet the requirements for this offer.,Keranjang belanja Anda tidak memenuhi persyaratan untuk penawaran ini.
{0} ({1}) added to cart,{0} ({1}) ditambahkan ke keranjang
{0} added to cart,{0} ditambahkan ke keranjang
{0} applied successfully,{0} diterapkan dengan sukses
{0} created and selected,{0} dibuat dan dipilih
{0} invoice(s) failed to sync,{0} faktur gagal disinkronkan
{0} invoice(s) synced successfully,{0} faktur berhasil disinkronkan
{0} invoices,0 faktur
{0} selected,{0} dipilih
{0} settings applied immediately,{0} pengaturan diterapkan segera
{0} transactions • {1},{0} transaksi � {1}
{0} updated successfully,{0} berhasil diperbarui
{0}h {1}m,{0}jam {1}menit
{0}m,0 m
✓ Connection successful: {0},? Koneksi berhasil: {0}
✗ Connection failed: {0},? Koneksi gagal: {0}
Manage all your invoices in one place,Kelola semua faktur Anda di satu tempat.
All ({0}),Semua ({0})
Promotions,Promosi
Search serial numbers...,Cari nomor seri...
Loading serial numbers...,Memuat nomor seri...
No serial numbers available,Tidak ada nomor seri yang tersedia.
No serial numbers match your search,Tidak ada nomor seri yang cocok dengan pencarian Anda.
Serial Numbers,Nomor Seri
Cannot remove last serial,Tidak dapat menghapus nomor seri terakhir
Remove serial,Hapus nomor seri
Serial No:,Nomor Seri:
Click to edit serials,Klik untuk mengedit serial
Edit serials,Edit serial
serials,serial
Stock Lookup,Pencarian Saham
Search for item availability across all warehouses,Cari ketersediaan barang di semua gudang
Search for items across warehouses,Cari barang di berbagai gudang
Type to search items...,Ketik untuk mencari item...
"Search by item name, code, or scan barcode","Cari berdasarkan nama barang, kode, atau pindai kode batang."
"No items found for ""{0}""","Tidak ada item yang ditemukan untuk ""{0}"""
Try a different search term,Coba kata kunci pencarian yang berbeda
Search Again,Cari Lagi
Search for an item,Cari suatu barang
Start typing to see suggestions,Mulai mengetik untuk melihat saran.
Navigate,Navigasi
Enter,Memasuki
Esc,Esc
Total Available,Total Tersedia
in 1 warehouse,di 1 gudang
in {0} warehouses,di gudang {0}
{0} reserved,0} dicadangkan
Actual Stock,Stok Aktual
This item is out of stock in all warehouses,Barang ini habis stok di semua gudang.
Failed to load warehouse availability,Gagal memuat ketersediaan gudang
Close dialog,Tutup dialog
Clear search,Hapus pencarian
Click to view availability in other warehouses,Klik untuk melihat ketersediaan di gudang lain
Credit Sale Return,Pengembalian Penjualan Kredit
This invoice was paid on account (credit sale). The return will reverse the accounts receivable balance. No cash refund will be processed.,Faktur ini dibayar secara kredit (penjualan kredit). Pengembalian akan membalikkan saldo piutang. Tidak ada pengembalian uang tunai yang akan diproses.
Customer Credit:,Kredit Pelanggan:
This return was against a Pay on Account invoice. The accounts receivable balance has been reversed. No cash refund was processed.,Pengembalian ini terkait dengan faktur pembayaran di muka. Saldo piutang telah dibalik. Tidak ada pengembalian uang tunai yang diproses.
Pay on Account,Pembayaran secara kredit
This invoice was sold on credit. The customer owes the full amount.,Faktur ini dijual secara kredit. Pelanggan wajib membayar seluruh jumlahnya.
Partially Paid Invoice,Faktur yang Dibayar Sebagian
This invoice was partially paid. The refund will be split proportionally.,Tagihan ini telah dibayar sebagian. Pengembalian dana akan dibagi secara proporsional.
Cash Refund:,Pengembalian Uang Tunai:
Credit Adjustment:,Penyesuaian Kredit:
Refundable Amount:,Jumlah yang Dapat Dikembalikan:
⚠️ Payment total must equal refundable amount,?? Jumlah total pembayaran harus sama dengan jumlah yang dapat dikembalikan
Return Value:,Nilai Kembalian:
Select Item Variant,Pilih Varian Barang
Select Unit of Measure,Pilih Satuan Ukuran
Choose a variant of this item:,Pilih varian dari item ini:
Select the unit of measure for this item:,Pilih satuan ukuran untuk item ini:
Loading options...,Memuat opsi...
Stock: {0},Stok: {0}
This combination is not available,Kombinasi ini tidak tersedia
Unit of Measure,Satuan Ukuran
No Variants Available,Tidak Tersedia Varian
No Options Available,Tidak Ada Pilihan yang Tersedia
This item template <strong>{0}<strong> has no variants created yet.,Templat item ini <strong>{0}<strong> belum memiliki varian yang dibuat.
No additional units of measurement configured for this item.,Tidak ada satuan pengukuran tambahan yang dikonfigurasi untuk item ini.
To create variants:,Untuk membuat varian:
1. Go to <strong>Item Master<strong> → <strong>{0}<strong>,1. Buka <strong>Master Item<strong> ? <strong>{0}<strong>
"2. Click <strong>""Make Variants""<strong> button","2. Klik tombol <strong>""Buat Varian""<strong>"
3. Select attribute combinations,3. Pilih kombinasi atribut
"4. Click <strong>""Create""<strong>","4. Klik <strong>""Buat""<strong>"
per {0},per {0}
Stock unit,Unit stok
1 {0} = {1} {2},{0} = {1} {2}
Requested quantity ({0}) exceeds available stock ({1}),Jumlah yang diminta ({0}) melebihi stok yang tersedia ({1})
Offers are applied automatically when your cart meets the requirements,Penawaran akan diterapkan secara otomatis ketika keranjang belanja Anda memenuhi persyaratan.
Applied,Terapan
APPLIED,TERAPAN
Waiting for requirements,Menunggu persyaratan
Offer applied: {0},Penawaran diterapkan: {0}
Offer removed: {0}. Cart no longer meets requirements.,Penawaran dihapus: {0}. Keranjang belanja tidak lagi memenuhi persyaratan.
PRICING RULE,ATURAN PENETAPAN HARGA
PROMO SCHEME,SKEMA PROMOSI
Applying...,Menerapkan...
Recent & Frequent,Baru-baru Ini & Sering Terjadi
Frequent Customers,Pelanggan Tetap
Gross Sales,Penjualan Kotor
Net Sales,Penjualan Bersih
Returns,Pengembalian
After returns,Setelah pengembalian
Net tax,Pajak bersih
Net Total:,Jumlah Bersih:
{0} returns,{0} kembali
Type,Jenis
Search items by name or code...,Cari barang berdasarkan nama atau kode...
